ID,戰役部隊模板名稱,戰役部隊顯示名稱,戰役部隊對應副本ID,戰役部隊描述,戰役部隊顯示等級,勝利條件描述,獎勵描述,戰役部隊顯示模型,戰役部隊頭像圖片,戰役背景,組隊限制,最大連勝次數,最少參加人數,最大參加人數,怪物小隊數量,怪物小隊ID組,戰鬥總回合,隊長經驗加成,隊長閱歷加成,初始經驗,初始掉落遊戲幣,初始威望,初始閱歷,失敗獲得經驗,掉落顯示物品ID,掉落表ID組,增加戰鬥冷卻時間,消耗行動力,最大數量限制,戰役部隊類型,需要擊敗某部隊們才能顯示,需要擊敗某部隊們才能攻擊,擊敗廣播頻道,廣播內容,接受某任務才能顯示
id,tName,name,copyId,des,level,victoryConditionsDes,awardDes,armyImg,armyHeadImg,列1,teamLimit,maxWin,minPlayerNum,maxPlayerNum,armyNum,armyIdGroup,battleRound,leaderExpAddition,leaderExperienceaddition,originalExp,originalFallGameCoins,originalPrestige,originalExperience,failExp,fallItemId,fallTableIdGroup,additionCD,consumeAction,maxNumLimit,numLimitType,showKeyArmyId,attackKeyArmyId,winBroadcastChannel,broadcastContent,taskNeed,failGold
100001,謝爾茲鎮戰役部隊,謝爾茲鎮戰役部隊,3,我們是來自謝爾茲鎮的團隊,20,消滅部隊所有敵人,,3_xieerzizhen,samll_hjjuntuan,,1,10,1,3,5,"216,217,219,218,220",,1000,1000,1600,,,800,,11102,10321,0,1,,1,,221,,,12101,0
100002,橘子鎮戰役部隊,橘子鎮戰役部隊,4,我們是來自橘子鎮的團隊,25,消滅部隊所有敵人,,4_juzizhen,samll_hzjuntuan,,1,10,1,3,5,"320,314,317,318,321",,1000,1000,2000,,,1000,,14103,10421,0,1,,1,321,321,,,,0
100003,西羅布戰役部隊,西羅布戰役部隊,5,我們是來自西羅布村的團隊,30,消滅部隊所有敵人,,5_xiluobu,samll_hzjuntuan,,"1,2,3",10,1,3,5,"417,404,410,413,418",,1000,1000,2400,,,1200,,11103,10521,0,1,,1,419,419,,,,0
100004,海上餐廳戰役部隊,海上餐廳戰役部隊,6,我們是來自海上餐廳的團隊,34,消滅部隊所有敵人,,6_canting,samll_hzjuntuan,,"1,2,3",10,1,3,5,"519,520,509,519,521",,1000,1000,2720,,,1360,,11201,10621,0,1,,1,522,522,,,,0
100005,可可亞西戰役部隊,可可亞西戰役部隊,7,我們是來自可可亞西村的團隊,38,消滅部隊所有敵人,,7_along,samll_hzjuntuan,,"1,2,3",10,1,3,5,"604,616,617,619,622",,1000,1000,3040,,,1520,,14201,10721,0,1,,1,621,621,,,,0
100006,羅格鎮戰役部隊,羅格鎮戰役部隊,8,我們是來自羅格鎮的團隊,42,消滅部隊所有敵人,,8_luoge,samll_hjjuntuan,,"1,2,3",10,1,3,6,"724,725,713,714,715,718",,1000,1000,3360,,,1680,,11202,10821,0,1,,1,726,726,,,,0
100007,巨鯨拉布_戰役部隊,巨鯨拉布戰役部隊,10,我們是來自拉布肚子的團隊,48,消滅部隊所有敵人,,10_labu,samll_hzjuntuan,,"1,2,3",10,1,3,6,"911,912,913,914,915,916",,1000,1000,3840,,,1920,,11203,11021,0,1,,1,916,916,,,,0
110001,橘子鎮多人副本,橘子鎮多人副本,4,我們是來自橘子鎮的軍團。,25,消滅部隊所有敵人,,huodong_baji,,,"1,2,3",20,1,5,10,"312,313,314,315,316,317,318,319,320,321",,,1000,,,,1250,,"11103,14103",10461,0,,,0,321,321,,,,0
110002,可可亞西多人副本,可可亞西多人副本,7,我們是來自可可亞西村的軍團。,38,消滅部隊所有敵人,,huodong_along,,,"1,2,3",20,1,5,10,"611,612,613,614,615,604,616,617,619,622",,,1000,,,,1900,,"11202,14202",10761,0,,,0,621,621,,,,0
100008,威士忌戰役部隊,威士忌戰役部隊,11,我們是來自威士忌山峰的團隊,50,消滅部隊所有敵人,,11_weishiji,samll_hzjuntuan,,"1,2,3",10,1,3,6,"1005,1008,1012,1016,1019,1020",,1000,1000,4000,,,2000,,14204,11121,0,1,,1,1020,1020,,,,0
100009,小花園戰役部隊,小花園戰役部隊,12,我們是來自小花園的團隊,53,消滅部隊所有敵人,,12_huayuan,samll_hzjuntuan,,"1,2,3",10,1,3,6,"1107,1112,1116,1118,1119,1120",,1000,1000,4240,,,2120,,11301,11221,0,1,,1,1120,1120,,,,0
100010,磁鼓島戰役部隊,磁鼓島戰役部隊,13,我們是來自磁鼓島的團隊,56,消滅部隊所有敵人,,13_cigudao,samll_hzjuntuan,,"1,2,3",10,1,3,6,"1207,1210,1211,1215,1219,1220",,1000,1000,4480,,,2240,,14301,11321,0,1,,1,1221,1221,,,,0
100011,拿哈那戰役部隊,拿哈那戰役部隊,14,我們是來自拿哈那的團隊,59,消滅部隊所有敵人,,14_nahana,samll_hjjuntuan,,"1,2,3",10,1,3,6,"1305,1308,1310,1312,1316,1320",,1000,1000,4720,,,2360,,11303,11421,0,1,,1,1321,1321,,,,0
100012,雨地戰役部隊,雨地戰役部隊,15,我們是來自雨地的團隊,61,消滅部隊所有敵人,,15_yudi,samll_hzjuntuan,,"1,2,3",10,1,3,6,"1403,1407,1412,1418,1419,1420",,1000,1000,4880,,,2440,,14303,11521,0,1,,1,1420,1420,,,,0
100013,阿爾巴那戰役部隊,阿爾巴那戰役部隊,16,我們是來自阿爾巴那的團隊,63,消滅部隊所有敵人,,16_aerbana,samll_hzjuntuan,,"1,2,3",10,1,3,6,"1504,1512,1513,1517,1520,1521",,1000,1000,5040,,,2520,,14304,11621,0,1,,1,1521,1521,,,,0
100014,王室宮殿戰役部隊,王室宮殿戰役部隊,17,我們是來自王室宮殿的團隊,65,消滅部隊所有敵人,,17_gongdian,samll_hzjuntuan,,"1,2,3",10,1,3,7,"1608,1612,1616,1621,1622,1623,1624",,1000,1000,5200,,,2600,,11304,11721,0,1,,1,1624,1624,,,,0
100015,加雅群島戰役部隊,加雅群島戰役部隊,18,我們是來自加雅群島的團隊,67,消滅部隊所有敵人,,18_jiaya,samll_hzjuntuan,,"1,2,3",10,1,3,7,"1704,1708,1712,1716,1718,1719,1720",,1000,1000,5360,,,2680,,11305,11821,0,1,,1,1720,1720,,,,0
110003,巨鯨拉布多人副本,巨鯨拉布多人副本,10,我們是來自巨鯨拉布的團隊,48,消滅部隊所有敵人,,huodong_weiwei,,,"1,2,3",20,1,5,10,"907,908,909,910,911,912,913,914,915,916",,,1000,,,,2400,,"11204,14204",11061,0,,,0,916,916,,,,0
110004,磁鼓島多人副本,磁鼓島多人副本,13,我們是來自磁鼓島的團隊,56,消滅部隊所有敵人,,huodong_waerbo,,,"1,2,3",20,1,5,10,"1207,1211,1215,1218,1219,1220,1207,1215,1219,1220",,,1000,,,,2800,,"11303,14303",11361,0,,,0,1221,1221,,,,0
110005,王室宮殿多人副本,王室宮殿多人副本,17,我們是來自王室宮殿的團隊,65,消滅部隊所有敵人,,huodong_keluokedaer,,,"1,2,3",20,1,5,10,"1619,1604,1608,1612,1616,1620,1621,1622,1623,1624",,,1000,,,,3250,,"114013,144013",11761,0,,,0,1624,1624,,,,0
110006,加雅群島多人副本,加雅群島多人副本,18,我們是來自加雅群島的團隊,67,消滅部隊所有敵人,,huodong_beilami,,,"1,2,3",20,1,5,10,"1714,1715,1717,1718,1719,1704,1708,1712,1716,1720",,,1000,,,,3350,,"114023,144023",11961,0,,,0,1720,1720,,,,0
110007,黃金鐘多人副本,黃金鐘多人副本,24,我們是來自黃金鐘的團隊,80,消滅部隊所有敵人,,huodong_ainilu,,,"1,2,3",20,1,5,10,"2318,2319,2321,2322,2323,2304,2312,2316,2320,2324",,,1000,,,,4000,,"115015,145015",12461,0,,,0,2324,2324,,,,0
100016,天使海岸戰役部隊,天使海岸戰役部隊,20,我們是來自天使海岸的團隊,72,消滅部隊所有敵人,,tianshi,samll_hzjuntuan,,"1,2,3",10,1,3,6,"1913,1914,1906,1911,1915,1920",,1000,1000,5760,,,2880,,114023,12021,0,1,,1,1920,1920,,,,0
100017,卡西神祭壇戰役部隊,卡西神祭壇戰役部隊,21,我們是來自卡西神祭壇的團隊,74,消滅部隊所有敵人,,jitan,samll_hzjuntuan,,"1,2,3",10,1,3,6,"2018,2019,2020,2006,2013,2021",,1000,1000,5920,,,2960,,144023,12121,0,1,,1,2021,2021,,,,0
100018,球之試煉戰役部隊,球之試煉戰役部隊,22,我們是來自球之試煉的團隊,76,消滅部隊所有敵人,,shilian,samll_hzjuntuan,,"1,2,3",10,1,3,6,"2118,2119,2107,2112,2116,2120",,1000,1000,6080,,,3040,,114033,12221,0,1,,1,2120,2120,,,,0
100019,巨型豆蔓戰役部隊,巨型豆蔓戰役部隊,23,我們是來自巨型豆蔓的團隊,78,消滅部隊所有敵人,,douman,samll_hzjuntuan,,"1,2,3",10,1,3,7,"2215,2217,2218,2219,2205,2209,2220",,1000,1000,6240,,,3120,,144033,12321,0,1,,1,2220,2220,,,,0
100020,黃金鐘戰役部隊,黃金鐘戰役部隊,24,我們是來自黃金鐘的團隊,80,消滅部隊所有敵人,,zhong,samll_hzjuntuan,,"1,2,3",10,1,3,7,"2322,2323,2304,2312,2316,2320,2324",,1000,1000,6400,,,3200,,115015,12421,0,1,,1,2324,2324,,,,0
100021,G8要塞戰役部隊,G8要塞戰役部隊,25,我們是來自G8要塞的團隊,82,消滅部隊所有敵人,,zudui_g8yaosai,samll_hjjuntuan,,"1,2,3",10,1,3,7,"2417,2418,2419,2404,2412,2416,2420",,1000,1000,6560,,,3280,,115015,12521,0,1,,1,2420,2420,,,,0
100022,長鏈島戰役部隊,長鏈島戰役部隊,26,我們是來自長鏈島的團隊,84,消滅部隊所有敵人,,zudui_changliandao,samll_hzjuntuan,,"1,2,3",10,1,3,7,"2517,2518,2519,2505,2510,2515,2520",,1000,1000,6720,,,3360,,145015,12621,0,1,,1,2520,2520,,,,0
100023,弗蘭奇家族戰役部隊,弗蘭奇家族戰役部隊,27,我們是來自弗蘭奇家族的團隊,85,消滅部隊所有敵人,,zudui_fulanqi,samll_hzjuntuan,,"1,2,3",10,1,3,7,"2623,2624,2605,2610,2615,2620,2625",,1000,1000,6800,,,3400,,145015,12721,0,1,,1,2625,2625,,,,0
110008,弗蘭奇家族多人副本,弗蘭奇家族多人副本,27,我們是來自弗蘭奇家族的團隊,85,消滅部隊所有敵人,,huodong_fulanqi,,,"1,2,3",20,1,5,10,"2619,2621,2622,2623,2624,2605,2610,2615,2620,2625",,,1000,,,,4250,,"115015,145015",12761,0,,,0,2625,2625,,,,0
100024,1號船塢戰役部隊,1號船塢戰役部隊,28,我們是來自1號船塢的團隊,86,消滅部隊所有敵人,,zudui_chuanwu,samll_hzjuntuan,,"1,2,3",10,1,3,6,"2724,2705,2710,2715,2720,2725",,1000,1000,6880,,,3440,,145015,12821,0,1,,1,2725,2725,,,,0
100025,夜襲冰山戰役部隊,夜襲冰山戰役部隊,29,我們是來自夜襲冰山的團隊,87,消滅部隊所有敵人,,zudui_yexibingshan,samll_hjjuntuan,,"1,2,3",10,1,3,6,"2822,2823,2824,2805,2810,2825",,1000,1000,6960,,,3480,,115025,12921,0,1,,1,2825,2825,,,,0
100026,海上列車戰役部隊,海上列車戰役部隊,30,我們是來自海上列車的團隊,88,消滅部隊所有敵人,,zudui_hailieche,samll_hjjuntuan,,"1,2,3",10,1,3,6,"2924,2905,2910,2915,2920,2925",,1000,1000,7040,,,3520,,115025,13021,0,1,,1,2925,2925,,,,0
100027,司法島上戰役部隊,司法島上戰役部隊,31,我們是來自司法島上的團隊,89,消滅部隊所有敵人,,zudui_sifadao1,samll_hjjuntuan,,"1,2,3",10,1,3,6,"3024,3005,3010,3015,3020,3025",,1000,1000,7120,,,3560,,115025,13121,0,1,,1,3025,3025,,,,0
110009,司法島上多人副本,司法島上多人副本,31,我們是來自司法島上的團隊,89,消滅部隊所有敵人,,huodong_shenpanzhang,,,"1,2,3",20,1,5,10,"3019,3021,3022,3023,3024,3005,3010,3015,3020,3025",,,1000,,,,4400,,"115025,145025",13161,0,0,,0,3025,3025,,,,0
100028,司法島下戰役部隊,司法島下戰役部隊,32,我們是來自司法島下的團隊,91,消滅部隊所有敵人,,zudui_sifaodao2,samll_hjjuntuan,,"1,2,3",10,1,3,6,"3124,3105,3110,3115,3120,3125",,1000,1000,7280,,,3640,,145025,13221,0,1,,1,3126,3126,,,,0
100029,司法之塔上戰役部隊,司法之塔上戰役部隊,33,我們是來自司法之塔上的團隊,92,消滅部隊所有敵人,,zudui_sifata1,samll_hjjuntuan,,"1,2,3",10,1,3,6,"3325,3205,3210,3215,3220,3225",,1000,1000,7360,,,3680,,145025,13321,0,1,,1,3226,3226,,,,0
100030,司法之塔下戰役部隊,司法之塔下戰役部隊,34,我們是來自司法之塔下的團隊,93,消滅部隊所有敵人,,zudui_sifata2,samll_hjjuntuan,,"1,2,3",10,1,3,6,"3324,3305,3310,3315,3320,3325",,1000,1000,7440,,,3720,,"145025,60022","13421,250005",0,1,,1,3328,3328,,,,0
100031,正義之門戰役部隊,正義之門戰役部隊,35,我們是來自正義之門的團隊,95,消滅部隊所有敵人,,zudui_zhengyimen,samll_hjjuntuan,,"1,2,3",10,1,3,6,"3405,3420,3422,3423,3424,3425",,1000,1000,7600,,,3800,,"115035,60022","13521,250005",0,1,,1,3427,3427,,,,0
110010,正義之門多人副本,正義之門多人副本,35,我們是來自正義之門的團隊,95,消滅部隊所有敵人,,huodong_zhengyimen,,,"1,2,3",20,1,5,10,"3419,3421,3405,3410,3415,3420,3422,3423,3424,3425",,,1000,,,,4750,,"115035,145035",13561,0,0,,0,3427,3427,,,,0
100032,神秘海賊船戰役部隊,神秘海賊船戰役部隊,36,我們是來自神秘海賊船的團隊,96,消滅部隊所有敵人,,zudui_fenghuang,samll_hzjuntuan,,"1,2,3",10,1,3,6,"3524,3505,3510,3515,3520,3525",,1000,1000,7680,,,3840,,"115035,60022","13621,250005",0,1,,1,3525,3525,,,,0
100033,冰海道戰役部隊,冰海道戰役部隊,37,我們是來自冰海道的團隊,97,消滅部隊所有敵人,,zudui_binghaidao,samll_hzjuntuan,,"1,2,3",10,1,3,6,"3624,3605,3610,3615,3620,3625",,1000,1000,7760,,,3880,,"115035,60022","13721,250005",0,1,,1,3625,3625,,,,0
100034,Lovelyland戰役部隊,Lovelyland戰役部隊,38,我們是來自Lovelyland的團隊,98,消滅部隊所有敵人,,zudui_lovelyland,samll_hzjuntuan,,"1,2,3",10,1,3,6,"3724,3705,3710,3715,3720,3725",,1000,1000,7840,,,3920,,"115035,60022","13821,250005",0,1,,1,3725,3725,,,,0
100035,阿奇諾城堡戰役部隊,阿奇諾城堡戰役部隊,39,我們是來自阿奇諾城堡的團隊,99,消滅部隊所有敵人,,zudui_aqinuo,samll_hzjuntuan,,"1,2,3",10,1,3,6,"3824,3805,3810,3815,3820,3825",,1000,1000,7920,,,3960,,"145035,60022","13921,250005",0,1,,1,3825,3825,,,,0
100036,怪醫生城堡戰役部隊,怪醫生城堡戰役部隊,41,我們是來自怪醫生城堡的團隊,102,消滅部隊所有敵人,,zudui_guaiyisheng,samll_jsjuntuan,,"1,2,3",10,1,3,6,"4023,4024,4005,4010,4020,4025",,1000,1000,8160,,,4080,,"145035,60022","14121,250005",0,1,,1,4025,4025,,,,0
100037,決戰龍馬戰役部隊,決戰龍馬戰役部隊,43,我們是來自決戰龍馬的團隊,104,消滅部隊所有敵人,,zudui_longma,samll_jsjuntuan,,"1,2,3",10,1,3,6,"4224,4205,4210,4215,4220,4225",,1000,1000,8320,,,4160,,"145035,60022","14321,250005",0,1,,1,4226,4226,,,,0
100038,幽靈佩羅娜戰役部隊,幽靈佩羅娜戰役部隊,44,我們是來自幽靈佩羅娜的團隊,105,消滅部隊所有敵人,,zudui_peiluona,samll_jsjuntuan,,"1,2,3",10,1,3,6,"4323,4324,4310,4315,4320,4325",,1000,1000,8400,,,4200,,"115035,60022","14421,250005",0,1,,1,4326,4326,,,,0
100039,魔人奧茲戰役部隊,魔人奧茲戰役部隊,45,我們是來自魔人奧茲的團隊,105,消滅部隊所有敵人,,zudui_aozi,samll_jsjuntuan,,"1,2,3",10,1,3,6,"4405,4410,4415,4420,4423,4424",,1000,1000,8400,,,4200,,"145035,60022","14521,250005",0,1,,1,4429,4429,,,,0
100040,月光莫利亞戰役部隊,月光莫利亞戰役部隊,46,我們是來自月光莫利亞的團隊,105,消滅部隊所有敵人,,zudui_moliya,samll_jsjuntuan,,"1,2,3",10,1,3,6,"4505,4510,4515,4520,4525,4526",,1000,1000,8400,,,4200,,"115035,60022","14621,250005",0,1,,1,4528,4528,,,,0
100041,溫泉島戰役部隊,溫泉島戰役部隊,47,我們是來自溫泉島的團隊,105,消滅部隊所有敵人,,zudui_wenquandao,samll_hzjuntuan,,"1,2,3",10,1,3,6,"4624,4605,4610,4615,4620,4625",,1000,1000,8480,,,4240,,"145035,60022","14721,250005",0,1,,1,4626,4626,,,,0
100042,飛魚騎士團戰役部隊,飛魚騎士團戰役部隊,48,我們是來自飛魚騎士團的團隊,106,消滅部隊所有敵人,,zudui_dibaluwaiwei,samll_hzjuntuan,,"1,2,3",10,1,3,6,"4719,4704,4708,4712,4716,4720",,1000,1000,8560,,,4280,,"115035,60022","14821,250005",0,1,,1,4720,4720,,,,0
100043,迪巴魯領地戰役部隊,迪巴魯領地戰役部隊,49,我們是來自迪巴魯領地的團隊,107,消滅部隊所有敵人,,zudui_dibalulingdi,samll_hzjuntuan,,"1,2,3",10,1,3,6,"4824,4805,4810,4815,4821,4826",,1000,1000,8640,,,4320,,"145035,60022","14921,250005",0,1,,1,4827,4827,,,,0
100044,香波地群島戰役部隊,香波地群島戰役部隊,50,我們是來自香波地群島的團隊,108,消滅部隊所有敵人,,zudui_xiangbodi,samll_hzjuntuan,,"1,2,3",10,1,3,6,"4924,4905,4910,4915,4920,4925",,1000,1000,8720,,,4360,,"115035,60022","15021,250005",0,1,,1,4925,4925,,,,0
100045,拍賣場激戰戰役部隊,拍賣場激戰戰役部隊,51,我們是來自拍賣場激戰的團隊,109,消滅部隊所有敵人,,zudui_paimaichangjd,samll_hjjuntuan,,"1,2,3",10,1,3,6,"5024,5005,5010,5015,5020,5025",,1000,1000,8800,,,4400,,"145035,60022","15121,250005",0,1,,1,5026,5026,,,,0
100046,逃離拍賣場戰役部隊,逃離拍賣場戰役部隊,52,我們是來自逃離拍賣場的團隊,110,消滅部隊所有敵人,,zudui_tlpaimaichang,samll_hjjuntuan,,"1,2,3",10,1,3,6,"5124,5105,5109,5114,5119,5125",,1000,1000,8880,,,4440,,"115035,60022","15221,250005",0,1,,1,5125,5125,,,,0
100047,無法地帶戰役部隊,無法地帶戰役部隊,53,我們是來自無法地帶的團隊,111,消滅部隊所有敵人,,zudui_wfdidai,samll_hjjuntuan,,"1,2,3",10,1,3,6,"5224,5205,5210,5215,5220,5225",,1000,1000,8960,,,4480,,"145035,60022","15321,250005",0,1,,1,5227,5227,,,,0
100048,香波地遊樂園戰役部隊,香波地遊樂園戰役部隊,54,我們是來自香波地遊樂園的團隊,112,消滅部隊所有敵人,,zudui_xbdiyouleyuan,samll_hjjuntuan,,"1,2,3",10,1,3,6,"5324,5305,5310,5315,5320,5325",,1000,1000,9040,,,4520,,"115035,60022","15421,250005",0,1,,1,5326,5326,,,,0
100049,香波地觀光街戰役部隊,香波地觀光街戰役部隊,55,我們是來自香波地觀光街的團隊,113,消滅部隊所有敵人,,zudui_xbdiguanguangqu,samll_hjjuntuan,,"1,2,3",10,1,3,6,"5424,5405,5410,5415,5420,5425",,1000,1000,9120,,,4560,,"145035,60022","15521,250005",0,1,,1,5427,5427,,,,0
100050,市民廣場戰役部隊,市民廣場戰役部隊,56,我們是來自市民廣場的團隊,114,消滅部隊所有敵人,,zudui_smguangchang,samll_hjjuntuan,,"1,2,3",10,1,3,6,"5524,5505,5510,5515,5520,5525",,1000,1000,9200,,,4600,,"115035,60022","15621,250005",0,1,,1,5526,5526,,,,0
100051,香波地的黃昏戰役部隊,香波地的黃昏戰役部隊,57,我們是來自香波地的黃昏的團隊,115,消滅部隊所有敵人,,zudui_xbddehuanghun,samll_hjjuntuan,,"1,2,3",10,1,3,6,"5622,5623,5624,5605,5610,5625",,1000,1000,9280,,,4640,,"145035,60022","15721,250005",0,1,,1,5629,5629,,,,0
100052,九蛇島森林戰役部隊,九蛇島森林戰役部隊,58,我們是來自九蛇島森林的團隊,116,消滅部隊所有敵人,,zudui_jsdsenlin,samll_jsdjuntuan,,"1,2,3",10,1,3,6,"5724,5705,5710,5715,5720,5725",,1000,1000,9360,,,4680,,"115035,60022","15821,250005",0,1,,1,5725,5725,,,,0
100053,九蛇島監禁區戰役部隊,九蛇島監禁區戰役部隊,59,我們是來自九蛇島監禁區的團隊,117,消滅部隊所有敵人,,zudui_jsdjianjinqu,samll_jsdjuntuan,,"1,2,3",10,1,3,6,"5824,5805,5810,5815,5820,5825",,1000,1000,9440,,,4720,,"145035,60022","15921,250005",0,1,,1,5826,5826,,,,0
400001,空島,空島,,,70,消滅部隊所有敵人,,,,,2,,1,3,,,,,,,,,,,,,,,,2,,,,,,0
400002,水之都[上],水之都上,,,80,消滅部隊所有敵人,,,,,2,,1,3,,,,,,,,,,,,,,,,,,,,,,0
400003,水之都[下],水之都下,,,85,消滅部隊所有敵人,,,,,2,,1,3,,,,,,,,,,,,,,,,,,,,,,0
400004,司法島[上],司法島上,,,90,消滅部隊所有敵人,,,,,2,,1,3,,,,,,,,,,,,,,,,,,,,,,0
400005,司法島[下],司法島下,,,95,消滅部隊所有敵人,,,,,2,,1,3,,,,,,,,,,,,,,,,,,,,,,0
400006,恐怖三帆船[上],恐怖三帆船上,,,100,消滅部隊所有敵人,,,,,2,,1,3,,,,,,,,,,,,,,,,,,,,,,0
400007,恐怖三帆船[下],恐怖三帆船下,,,105,消滅部隊所有敵人,,,,,2,,1,3,,,,,,,,,,,,,,,,,,,,,,0
100054,九蛇演武場戰役部隊,九蛇演武場戰役部隊,60,我們是來自九蛇演武場的團隊,118,消滅部隊所有敵人,,zudui_jsyanwuchang,samll_jsdjuntuan,,"1,2,3",10,1,3,6,"5925,5905,5910,5915,5921,5926",,1000,1000,9520,,,4760,,"115035,60022,2225007","15821,250005",5,1,,1,5926,5926,,,,0
100055,九蛇宮宴會戰役部隊,九蛇宮宴會戰役部隊,61,我們是來自九蛇宮宴會的團隊,119,消滅部隊所有敵人,,zudui_jsgyanhui,samll_jsdjuntuan,,"1,2,3",10,1,3,6,"6024,6005,6010,6015,6020,6025",,1000,1000,9600,,,4800,,"145035,60022,2235007","15921,250005",5,1,,1,6026,6026,,,,0
100056,勇闖推進城戰役部隊,勇闖推進城戰役部隊,62,我們是來自推進城的團隊,120,消滅部隊所有敵人,,zudui_yctuijincheng,samll_tjcjuntuan,,"1,2,3",10,1,3,6,"6124,6105,6110,6115,6120,6125",,1000,1000,9680,,,4840,,"115035,60022,2245007","15821,250005",5,1,,1,6125,6125,,,,0
400008,磁鼓島,磁鼓島,,,50,消滅部隊所有敵人,,,,,2,,1,3,,,,,,,,,,,,,,,,2,,,,,,0
400009,雨地,雨地,,,60,消滅部隊所有敵人,,,,,2,,1,3,,,,,,,,,,,,,,,,2,,,,,,0
100057,洗禮之地戰役部隊,洗禮之地戰役部隊,63,我們是來自洗禮之地的團隊,121,消滅部隊所有敵人,,zudui_xlzhidi,samll_tjcjuntuan,,"1,2,3",10,1,3,6,"6224,6205,6210,6215,6220,6226",,1000,1000,9760,,,4880,,"145035,60022,2215107","15921,250005",5,1,,1,6226,6226,,,,0
100058,紅蓮劍林戰役部隊,紅蓮劍林戰役部隊,64,我們是來自紅蓮劍林的團隊,122,消滅部隊所有敵人,,zudui_hljianlin,samll_tjcjuntuan,,"1,2,3",10,1,3,6,"6324,6305,6310,6315,6320,6325",,1000,1000,9840,,,4920,,"115035,60022,2225107","15821,250005",5,1,,1,6325,6325,,,,0
100059,魔獸領域戰役部隊,魔獸領域戰役部隊,65,我們是來自魔獸領域的團隊,123,消滅部隊所有敵人,,zudui_mslingyu,samll_tjcjuntuan,,"1,2,3",10,1,3,6,"6424,6405,6410,6415,6420,6426",,1000,1000,9920,,,4960,,"145035,60022,2235107","15921,250005",5,1,,1,6426,6426,,,,0
100060,巨獸巢穴戰役部隊,巨獸巢穴戰役部隊,66,我們是來自巨獸巢穴的團隊,124,消滅部隊所有敵人,,zudui_jschaoxue,samll_tjcjuntuan,,"1,2,3",10,1,3,6,"6524,6505,6510,6515,6520,6526",,1000,1000,10000,,,5000,,"115035,60022,2245107,121454","15821,250005",5,1,,1,6526,6526,,,,0
400010,香波地群島[上],香波地群島上,,,110,消滅部隊所有敵人,,,,,2,,1,3,,,,,,,,,,,,,,,,2,,,,,,0
400011,香波地群島[下],香波地群島下,,,115,消滅部隊所有敵人,,,,,2,,1,3,,,,,,,,,,,,,,,,2,,,,,,0
100061,荒蕪沙漠戰役部隊,荒蕪沙漠戰役部隊,67,我們是來自荒蕪沙漠的團隊,125,消滅部隊所有敵人,,zudui_hwshamo,samll_tjcjuntuan,,"1,2,3",20,1,3,6,"6625,6605,6616,6621,6610,6626",,1000,1000,10080,,,5040,,"145035,60022,2214008,121454","15921,250005",5,1,,1,6626,6626,,,,0
100062,危險通風塔戰役部隊,危險通風塔戰役部隊,68,我們是來自危險通風塔的團隊,126,消滅部隊所有敵人,,zudui_wxtongfengta,samll_tjcjuntuan,,"1,2,3",20,1,3,6,"6725,6705,6716,6721,6710,6727",,1000,1000,10160,,,5080,,"115035,60022,2224008,121454,1291037","15821,250005",5,1,,1,6727,6727,,,,0
100063,燃燒石橋戰役部隊,燃燒石橋戰役部隊,69,我們是來自燃燒石橋的團隊,127,消滅部隊所有敵人,,zudui_rsshiqiao,samll_tjcjuntuan,,"1,2,3",20,1,3,6,"6824,6805,6815,6820,6810,6826",,1000,1000,10240,,,5120,,"145035,60022,2234008,121454,1291037","15921,250005",5,1,,1,6826,6826,,,,0
100064,灼熱血池戰役部隊,灼熱血池戰役部隊,70,我們是來自灼熱血池的團隊,128,消滅部隊所有敵人,,zudui_zrxuechi,samll_tjcjuntuan,,"1,2,3",20,1,3,6,"6923,6905,6915,6920,6910,6924",,1000,1000,10320,,,5160,,"115035,60022,2244008,121454,1291037","15821,250005",5,1,,1,6926,6926,,,,0
100065,極寒地獄戰役部隊,極寒地獄戰役部隊,71,我們是來自極寒地獄的團隊,129,消滅部隊所有敵人,,zudui_jihandiyu,samll_tjcjuntuan,,"1,2,3",20,1,3,6,"7025,7005,7015,7021,7010,7026",,1000,1000,10400,,,5200,,"145035,60022,2215008,121454,1291037","15921,250005",5,1,,1,7026,7026,,,,0
100066,人妖通路戰役部隊,人妖通路戰役部隊,72,我們是來自人妖通路的團隊,130,消滅部隊所有敵人,,zudui_renyaotonglu,samll_ryjuntuan,,"1,2,3",20,1,3,6,"7124,7105,7115,7120,7110,7125",,1000,1000,10480,,,5240,,"115035,60022,2225008,121454,1291037","15821,250005",5,1,,1,7125,7125,,,,0
100067,人妖酒吧戰役部隊,人妖酒吧戰役部隊,73,我們是來自人妖酒吧的團隊,131,消滅部隊所有敵人,,zudui_renyaojiuba,samll_ryjuntuan,,"1,2,3",20,1,3,6,"7224,7205,7215,7220,7210,7226",,1000,1000,10560,,,5280,,"145035,60022,2235008,121454,1291037","15921,250005",5,1,,1,7226,7226,,,,0
100068,無限地獄戰役部隊,無限地獄戰役部隊,74,我們是來自無限地獄的團隊,132,消滅部隊所有敵人,,zudui_wxdiyu,samll_tjcjuntuan,,"1,2,3",20,1,3,6,"7324,7305,7315,7320,7309,7326",,1000,1000,10640,,,5320,,"115035,60022,2245008,121454,1291037","15821,250005",5,1,,1,7326,7326,,,,0
100069,推進城深淵戰役部隊,推進城深淵戰役部隊,75,我們是來自推進城深淵的團隊,133,消滅部隊所有敵人,,zudui_tjcshenyuan,samll_tjcjuntuan,,"1,2,3",20,1,3,6,"7425,7405,7416,7421,7410,7426",,1000,1000,10720,,,5360,,"145035,60022,2224009,121454,1291037","15921,250005",5,1,,1,7426,7426,,,,0
100070,寒冰風暴戰役部隊,寒冰風暴戰役部隊,76,我們是來自寒冰風暴的團隊,134,消滅部隊所有敵人,,zudui_hbfengbao,samll_tjcjuntuan,,"1,2,3",20,1,3,6,"7524,7505,7515,7520,7510,7525",,1000,1000,10800,,,5400,,"115035,60022,2214009,121454,1291037","15821,250005",5,1,,1,7525,7525,,,,0
400012,九蛇島[上],九蛇島上,,,120,消滅部隊所有敵人,,,,,2,,1,3,,,,,,,,,,,,,,,,2,,,,,,0
400013,九蛇島[下],九蛇島下,,,125,消滅部隊所有敵人,,,,,2,,1,3,,,,,,,,,,,,,,,,2,,,,,,0
500001,血戰到底,,,,,,,,,,2,,1,3,,,,,,,,,,,,,,,,3,,,,,,0
500002,進擊3大將,,,,,,,,,,2,,1,3,,,,,,,,,,,,,,,,3,,,,,,0
100071,赤紅熔爐戰役部隊,赤紅熔爐戰役部隊,77,我們是來自赤紅熔爐的團隊,135,消滅部隊所有敵人,,zudui_chronglu,samll_tjcjuntuan,,"1,2,3",15,1,3,6,"7624,7605,7615,7620,7610,7626",,1000,1000,10880,,,5440,,"145035,60022,2234009,121454,1291037","15921,250005",5,1,,1,7626,7626,,,,0
100072,地獄之門戰役部隊,地獄之門戰役部隊,78,我們是來自地獄之門的團隊,136,消滅部隊所有敵人,,zudui_dyzhimen,samll_tjcjuntuan,,"1,2,3",15,1,3,6,"7724,7705,7715,7720,7710,7726",,1000,1000,10960,,,5480,,"115035,60022,2244009,121454,1291037","15821,250005",5,1,,1,7728,7728,,,,0
100073,劇毒沙暴戰役部隊,劇毒沙暴戰役部隊,79,我們是來自劇毒沙暴的團隊,137,消滅部隊所有敵人,,zudui_jdshabao,samll_tjcjuntuan,,"1,2,3",15,1,3,6,"7823,7805,7815,7820,7810,7824",,1000,1000,11040,,,5520,,"145035,60022,2215009,121454,1291037","15921,250005",5,1,,1,7825,7825,,,,0
100074,地獄凶獸戰役部隊,地獄凶獸戰役部隊,80,我們是來自地獄凶獸的團隊,138,消滅部隊所有敵人,,zudui_diyuxiongshou,samll_tjcjuntuan,,"1,2,3",15,1,3,6,"7924,7905,7915,7920,7910,7925",,1000,1000,11120,,,5560,,"115035,60022,2225009,121454,1291037","15821,250005",5,1,,1,7925,7925,,,,0
100075,越獄大作戰戰役部隊,越獄大作戰戰役部隊,81,我們是來自越獄大作戰的團隊,139,消滅部隊所有敵人,,zudui_yueyuzuozhan,samll_tjcjuntuan,,"1,2,3",15,1,3,6,"8024,8005,8015,8020,8010,8025",,1000,1000,11200,,,5600,,"145035,60022,2235009,121454,1291037","15921,250005",5,1,,1,8029,8029,,,,0
100076,軍艦爭奪戰戰役部隊,軍艦爭奪戰戰役部隊,82,我們是來自軍艦爭奪戰的團隊,140,消滅部隊所有敵人,,zudui_junjianzhengduo,samll_tjcjuntuan,,"1,2,3",15,1,3,6,"8124,8105,8115,8120,8110,8125",,1000,1000,11280,,,5640,,"115035,60022,2245009,121454,1291037","15821,250005",5,1,,1,8125,8125,,,,0
100077,頂上之戰戰役部隊,頂上之戰戰役部隊,83,我們是來自頂上之戰的團隊,141,消滅部隊所有敵人,,zudui_dingshangzhizhan,samll_hjjuntuan,,"1,2,3",15,1,3,6,"8226,8236,8251,8310,8315,8325",,1000,1000,11360,,,5680,,"145035,60022,2244010,121454,1291037","15921,250005",5,1,,1,8302,8302,,,,0
500003,跨服組隊,跨服組隊,,,,,,,,,1,,1,3,,,,,,,,,,,,,,,,3,,,,,,0
100078,突襲灣頭戰役部隊,突襲灣頭戰役部隊,84,我們是來自突襲灣頭的團隊,142,消滅部隊所有敵人,,zudui_tuxiwantou,samll_hjjuntuan,,"1,2,3",15,1,3,6,"8426,8405,8416,8422,8410,8428",,1000,1000,11440,,,5720,,"115035,60022,2215010,121454,1291037","15821,250005",5,1,,1,8428,8428,,,,0
100079,灣內冰原上戰役部隊,灣內冰原上戰役部隊,85,我們是來自灣內冰原上的團隊,143,消滅部隊所有敵人,,zudui_wanneibingyuanshang,samll_hjjuntuan,,"1,2,3",15,1,3,6,"8527,8506,8517,8522,8512,8530",,1000,1000,11520,,,5760,,"145035,60022,2225010,121454,1291037","15921,250005",5,1,,1,8531,8531,,,,0
100080,灣內冰原下戰役部隊,灣內冰原下戰役部隊,86,我們是來自灣內冰原下的團隊,144,消滅部隊所有敵人,,zudui_wanneibingyuanxia,samll_jsjuntuan,,"1,2,3",15,1,3,6,"8625,8605,8616,8621,8611,8627",,1000,1000,11600,,,5800,,"115035,60022,2235010,121454,1291037","15821,250005",5,1,,1,8627,8627,,,,0
100081,殘船之戰戰役部隊,殘船之戰戰役部隊,87,我們是來自殘船之戰的團隊,145,消滅部隊所有敵人,,zudui_canchuanzhizhan,samll_hjjuntuan,,"1,2,3",15,1,3,6,"8724,8705,8715,8720,8710,8726",,1000,1000,11680,,,5840,,"145035,60022,2245010,121454,1291037","15921,250005",5,1,,1,8726,8726,,,,0
100082,黑牢禁區戰役部隊,黑牢禁區戰役部隊,88,我們是來自黑牢禁區的團隊,146,消滅部隊所有敵人,,zudui_heilaojinqu,samll_hjjuntuan,,"1,2,3",15,1,3,6,"8825,8805,8816,8821,8811,8826",,1000,1000,11760,,,5880,,"115035,60022,2214109,121454,1291037","15821,250005",5,1,,1,8826,8826,,,,0
100083,白煙領地戰役部隊,白煙領地戰役部隊,89,我們是來自白煙領地的團隊,147,消滅部隊所有敵人,,zudui_baiyanlingdi,samll_hjjuntuan,,"1,2,3",15,1,3,6,"8926,8905,8916,8922,8910,8927",,1000,1000,11840,,,5920,,"145035,60022,2224109,121454,1291037","15921,250005",5,1,,1,8927,8927,,,,0
400014,推進城[上],推進城上,,,130,消滅部隊所有敵人,,,,,2,,1,3,,,,,,,,,,,,,,,,2,,,,,,0
400015,推進城[中],推進城中,,,135,消滅部隊所有敵人,,,,,2,,1,3,,,,,,,,,,,,,,,,2,,,,,,0
100084,混戰地帶戰役部隊,混戰地帶戰役部隊,90,我們是來自混戰地帶的團隊,148,消滅部隊所有敵人,,zudui_hunzhandidai,samll_hjjuntuan,,"1,2,3",15,1,3,6,"9026,9006,9017,9022,9011,9029",,1000,1000,11920,,,5960,,"115035,60022,2234109,121454,1291037","15821,250005",5,1,,1,9029,9029,,,,0
100085,激戰防護壁戰役部隊,激戰防護壁戰役部隊,91,我們是來自激戰防護壁的團隊,149,消滅部隊所有敵人,,zudui_jizhanfanghubi,samll_hjjuntuan,,"1,2,3",15,1,3,6,"9125,9105,9114,9121,9110,9127",,1000,1000,12000,,,6000,,"145035,60022,2244109,121454,1291037","15921,250005",5,1,,1,9127,9127,,,,0
100086,突破包圍壁戰役部隊,突破包圍壁戰役部隊,92,我們是來自突破包圍壁的團隊,150,消滅部隊所有敵人,,zudui_tupobaoweibi,samll_hjjuntuan,,"1,2,3",15,1,3,6,"9224,9204,9215,9219,9210,9226",,1000,1000,12080,,,6040,,"115035,60022,2215109,121454,1291037","15821,250005",5,1,,1,9227,9227,,,,0
100087,廣場激戰戰役部隊,廣場激戰戰役部隊,93,我們是來自廣場激戰的團隊,150,消滅部隊所有敵人,,zudui_guangchangjizhan,samll_hjjuntuan,,"1,2,3",15,1,3,6,"9326,9306,9312,9317,9322,9328",,1000,1000,12160,,,6080,,"145035,60022,2225109,121454,1291037","15921,250005",5,1,,1,9328,9328,,,,0
100088,血戰廣場戰役部隊,血戰廣場戰役部隊,94,我們是來自血戰廣場的團隊,150,消滅部隊所有敵人,,zudui_xuezhanguangchang,samll_hjjuntuan,,"1,2,3",15,1,3,6,"9425,9405,9410,9416,9421,9427",,1000,1000,12240,,,6120,,"115035,60022,2235109,121454,1291037","15821,250005",5,1,,1,9427,9427,,,,0
100089,處刑台前戰役部隊,處刑台前戰役部隊,95,我們是來自處刑台前的團隊,150,消滅部隊所有敵人,,zudui_chuxingtaiqian,samll_hjjuntuan,,"1,2,3",15,1,3,6,"9526,9505,9511,9516,9522,9527",,1000,1000,12320,,,6160,,"145035,60022,2245109,121454,1291037","15921,250005",5,1,,1,9527,9527,,,,0
100090,石板之橋戰役部隊,石板之橋戰役部隊,96,我們是來自石板之橋的團隊,150,消滅部隊所有敵人,,zudui_shibanzhiqiao,samll_hjjuntuan,,"1,2,3",15,1,3,6,"9624,9605,9610,9615,9620,9626",,1000,1000,12400,,,6200,,"115035,60022,2215011,121454,1291037","15821,250005",5,1,,1,9626,9626,,,,0
100091,逃離路線戰役部隊,逃離路線戰役部隊,97,我們是來自逃離路線的團隊,151,消滅部隊所有敵人,,zudui_taoliluxian,samll_hjjuntuan,,"1,2,3",15,1,3,6,"9727,9706,9712,9717,9721,9729",,1000,1000,12480,,,6240,,"145035,60022,2225011,121454,1291037","15921,250005",5,1,,1,9729,9729,,,,0
100092,憤怒絕地戰役部隊,憤怒絕地戰役部隊,98,我們是來自憤怒絕地的團隊,151,消滅部隊所有敵人,,zudui_fennujuedi,samll_hjjuntuan,,"1,2,3",15,1,3,6,"9827,9806,9812,9817,9823,9829",,1000,1000,12560,,,6280,,"115035,60022,2235011,121454,1291037","15821,250005",5,1,,1,9829,9829,,,,0
100093,斷毀的廣場戰役部隊,斷毀的廣場戰役部隊,99,我們是來自斷毀的廣場的團隊,151,消滅部隊所有敵人,,zudui_duanhuideguangchang,samll_hjjuntuan,,"1,2,3",15,1,3,6,"9926,9906,9911,9917,9922,9927",,1000,1000,12640,,,6320,,"145035,60022,2245011,121454,1291037","15921,250005",5,1,,1,9927,9927,,,,0
100094,試煉島（一）戰役部隊,試煉島（一）戰役部隊,100,我們是來自試煉島（一）的團隊,152,消滅部隊所有敵人,,zudui_shiliandaoyi,samll_hzjuntuan,,"1,2,3",15,1,3,6,"10026,10005,10011,10016,10022,10027",,1000,1000,12720,,,6360,,"115035,60022,2215010,121454,1291037","15821,250005",5,1,,1,10027,10027,,,,0
100095,試煉島（二）戰役部隊,試煉島（二）戰役部隊,101,我們是來自試煉島（二）的團隊,152,消滅部隊所有敵人,,zudui_shiliandaoer,samll_hzjuntuan,,"1,2,3",15,1,3,6,"10125,10105,10111,10116,10121,10126",,1000,1000,12800,,,6400,,"145035,60022,2225010,121454,1291037","15921,250005",5,1,,1,10126,10126,,,,0
100096,試煉島（三）戰役部隊,試煉島（三）戰役部隊,102,我們是來自試煉島（三）的團隊,152,消滅部隊所有敵人,,zudui_shiliandaosan,samll_hzjuntuan,,"1,2,3",15,1,3,6,"10225,10205,10211,10216,10221,10227",,1000,1000,12880,,,6440,,"115035,60022,2235010,121454,1291037","15821,250005",5,1,,1,10227,10227,,,,0
100097,約定之地戰役部隊,約定之地戰役部隊,103,我們是來自約定之地的團隊,153,消滅部隊所有敵人,,zudui_yuedingzhidi,samll_hzjuntuan,,"1,2,3",15,1,3,6,"10324,10305,10310,10315,10320,10325",,1000,1000,12960,,,6480,,"145035,60022,2245010,121454,1291037","15921,250005",5,1,,1,10325,10325,,,,0
100098,香波地海底戰役部隊,香波地海底戰役部隊,104,我們是來自香波地海底的團隊,153,消滅部隊所有敵人,,zudui_xiangbodiqundaohaidi,samll_hzjuntuan,,"1,2,3",15,1,3,6,"10424,10405,10410,10415,10420,10425",,1000,1000,13040,,,6520,,"115035,60022,2215011,121454,1291037","15821,250005",5,1,,1,10425,10425,,,
400016,推進城[下],推進城下,,,140,消滅部隊所有敵人,,,,,2,,1,3,,,,,,,,,,,,,,,,2,,,,,,0
100099,人魚海灣戰役部隊,人魚海灣戰役部隊,105,我們是來自人魚海灣的團隊,153,消滅部隊所有敵人,,zudui_renyuhaiwan,samll_renyujuntuan,,"1,2,3",15,1,3,6,"10524,10505,10510,10515,10520,10525",,1000,1000,13120,,,6560,,"145035,60022,2225011,121454,1291037","15921,250005",5,1,,1,10525,10525,,,,0
100100,人魚咖啡廳戰役部隊,人魚咖啡廳戰役部隊,106,我們是來自人魚咖啡廳的團隊,154,消滅部隊所有敵人,,zudui_renyukafeiting,samll_renyujuntuan,,"1,2,3",15,1,3,6,"10624,10605,10610,10615,10620,10625",,1000,1000,13200,,,6600,,"115035,60022,2235011,121454,1291037","15821,250005",5,1,,1,10625,10625,,,,0
10000001,硬殼塔戰役部隊,硬殼塔戰役部隊,107,我們是來自硬殼塔的團隊,154,消滅部隊所有敵人,,zudui_yingketa,samll_renyujuntuan,,"1,2,3",15,1,3,6,"10726,10705,10711,10717,10722,10727",,1000,1000,13280,,,6640,,"145035,60022,2245011,121454,1291037","15921,250005",5,1,,1,10727,10727,,,,0
400017,頂上戰場[上],頂上戰場上,,,145,消滅部隊所有敵人,,,,,2,,1,3,,,,,,,,,,,,,,,,2,,,,,,0
10000002,損毀的龍宮城戰役部隊,損毀的龍宮城戰役部隊,108,我們是來自損毀的龍宮城的團隊,154,消滅部隊所有敵人,,zudui_sunhuidelgc,samll_renyujuntuan,,"1,2,3",15,1,3,6,"10825,10805,10811,10816,10821,10827",,1000,1000,13360,,,6680,,"115035,60022,2215011,121454,1291037","15821,250005",5,1,,1,10827,10827,,,,0
10000003,珊瑚丘戰役部隊,珊瑚丘戰役部隊,109,我們是來自珊瑚丘的團隊,155,消滅部隊所有敵人,,zudui_shanhuqiu,samll_renyujuntuan,,"1,2,3",15,1,3,6,"10926,10906,10911,10915,10922,10927",,1000,1000,13440,,,6720,,"145035,60022,2225011,121454,1291037","15921,250005",5,1,,1,10927,10927,,,,0
10000004,海之森林戰役部隊,海之森林戰役部隊,110,我們是來自海之森林的團隊,155,消滅部隊所有敵人,,zudui_haizhisenlin,samll_renyujuntuan,,"1,2,3",15,1,3,6,"11024,11005,11009,11015,11020,11026",,1000,1000,13520,,,6760,,"115035,60022,2235011,121454,1291037","15821,250005",5,1,,1,11126,11126,,,,0
10000005,魚人島廣場戰役部隊,魚人島廣場戰役部隊,112,我們是來自魚人島廣場的團隊,155,消滅部隊所有敵人,,zudui_yurendaoguangchang,samll_renyujuntuan,,"1,2,3",15,1,3,6,"11224,11204,11209,11214,11220,11226",,1000,1000,13600,,,6800,,"145035,60022,2245011,121454,1291037","15921,250005",5,1,,1,11226,11226,,,,0
10000006,中央禮台戰役部隊,中央禮台戰役部隊,113,我們是來自中央禮台的團隊,156,消滅部隊所有敵人,,zudui_zhongyanglitai,samll_renyujuntuan,,"1,2,3",15,1,3,6,"11325,11306,11311,11316,11321,11327",,1000,1000,13720,,,6840,,"115035,60022,2215011,121454,1291037","15821,250005",5,1,,1,11327,11327,,,,0
10000007,廣場東面戰役部隊,廣場東面戰役部隊,114,我們是來自廣場東面的團隊,156,消滅部隊所有敵人,,zudui_guangchangdongmian,samll_renyujuntuan,,"1,2,3",15,1,3,6,"11425,11406,11411,11416,11421,11427",,1000,1000,13840,,,6880,,"145035,60022,2225011,121454,1291037","15921,250005",5,1,,1,11427,11427,,,,0
10000008,廣場北面戰役部隊,廣場北面戰役部隊,115,我們是來自廣場北面的團隊,156,消滅部隊所有敵人,,zudui_guangchangbeimian,samll_renyujuntuan,,"1,2,3",15,1,3,6,"11525,11506,11511,11516,11521,11527",,1000,1000,13960,,,6920,,"115035,60022,2235011,121454,1291037","15821,250005",5,1,,1,11527,11527,,,,0
10000009,廣場西面戰役部隊,廣場西面戰役部隊,116,我們是來自廣場西面的團隊,157,消滅部隊所有敵人,,zudui_guangchangximian,samll_renyujuntuan,,"1,2,3",15,1,3,6,"11625,11605,11611,11617,11622,11627",,1000,1000,13840,,,6880,,"145035,60022,2245011,121454,1291037","15921,250005",5,1,,1,11627,11627,,,,0
10000010,廣場南面戰役部隊,廣場南面戰役部隊,117,我們是來自廣場南面的團隊,157,消滅部隊所有敵人,,zudui_guangchangnanmian,samll_renyujuntuan,,"1,2,3",15,1,3,6,"11725,11705,11711,11716,11721,11727",,1000,1000,13960,,,6920,,"115035,60022,2215011,121454,1291037","15821,250005",5,1,,1,11727,11727,,,,0
400018,頂上戰場[中],頂上戰場中,,,150,消滅部隊所有敵人,,,,,2,,1,3,,,,,,,,,,,,,,,,2,,,,,,0
400019,頂上戰場[下],頂上戰場下,,,155,消滅部隊所有敵人,,,,,2,,1,3,,,,,,,,,,,,,,,,2,,,,,,0
10000011,逼近的諾亞戰役部隊,逼近的諾亞戰役部隊,118,我們是來自逼近的諾亞的團隊,157,消滅部隊所有敵人,,zudui_bijindenuoya,samll_renyujuntuan,,"1,2,3",15,1,3,6,"11825,11806,11811,11816,11821,11826",,1000,1000,14320,,,7040,,"145035,60022,2225011,121454,1291037","15921,250005",5,1,,1,11826,11826,,,,0
10000012,諾亞船上戰役部隊,諾亞船上戰役部隊,119,我們是來自諾亞船上的團隊,158,消滅部隊所有敵人,,zudui_nuoyachuanshang,samll_renyujuntuan,,"1,2,3",15,1,3,6,"11925,11906,11912,11917,11922,11928",,1000,1000,14440,,,7080,,"115035,60022,2235011,121454,1291037","15821,250005",5,1,,1,11928,11928,,,,0
10000013,巨怪廣場戰役部隊,巨怪廣場戰役部隊,120,我們是來自巨怪廣場的團隊,158,消滅部隊所有敵人,,zudui_juguaiguangchang,samll_renyujuntuan,,"1,2,3",15,1,3,6,"12026,12006,12012,12017,12022,12028",,1000,1000,14560,,,7120,,"145035,60022,2245011,121454,1291037","15921,250005",5,1,,1,12028,12028,,,,0
10000014,廣場混戰區戰役部隊,廣場混戰區戰役部隊,121,我們是來自廣場混戰區的團隊,158,消滅部隊所有敵人,,zudui_guangchanghunzhanqu,samll_renyujuntuan,,"1,2,3",15,1,3,6,"12126,12106,12112,12117,12122,12127",,1000,1000,14680,,,7160,,"115035,60022,2215011,121454,1291037","15821,250005",5,1,,1,12127,12127,,,,0
400020,試煉島[上],試煉島上,,,160,消滅部隊所有敵人,,,,,2,,1,3,,,,,,,,,,,,,,,,2,,,,,,0
400021,試煉島[下],試煉島下,,,165,消滅部隊所有敵人,,,,,2,,1,3,,,,,,,,,,,,,,,,2,,,,,,0
10000015,墜落的諾亞戰役部隊,墜落的諾亞戰役部隊,122,我們是來自墜落的諾亞的團隊,159,消滅部隊所有敵人,,zudui_zhuiluodenuoya,samll_renyujuntuan,,"1,2,3",15,1,3,6,"12225,12204,12211,12216,12221,12227",,1000,1000,14800,,,7200,,"145035,60022,2225011,121454,1291037","15921,250005",5,1,,1,12227,12227,,,,0
10000016,甜點工廠戰役部隊,甜點工廠戰役部隊,123,我們是來自甜點工廠的團隊,159,消滅部隊所有敵人,,zudui_tiandiangongchang,samll_hzjuntuan,,"1,2,3",15,1,3,6,"12324,12305,12310,12315,12320,12325",,1000,1000,14920,,,7240,,"115035,60022,2235011,121454,1291037","15821,250005",5,1,,1,12325,12325,,,,0
10000017,黑暗海域戰役部隊,黑暗海域戰役部隊,124,我們是來自黑暗海域的團隊,159,消滅部隊所有敵人,,zudui_heianhaiyu,samll_renyujuntuan,,"1,2,3",15,1,3,6,"12424,12405,12410,12415,12420,12425",,1000,1000,15040,,,7280,,"145035,60022,2245011,121454,1291037","15921,250005",5,1,,1,12425,12425,,,,0
10000018,不開心海域戰役部隊,不開心海域戰役部隊,125,我們是來自不開心海域的團隊,160,消滅部隊所有敵人,,zudui_bukaixinhaiyu,samll_hjjuntuan,,"1,2,3",15,1,3,6,"12525,12505,12511,12516,12521,12526",,1000,1000,15160,,,7320,,"115035,60022,2215011,121454,1291037","15821,250005",5,1,,1,12526,12526,,,,0
10000019,運送團戰役部隊,運送團戰役部隊,126,我們是來自運送團的團隊,160,消滅部隊所有敵人,,zudui_yunsongtuan,samll_hjjuntuan,,"1,2,3",15,1,3,6,"12626,12606,12612,12617,12622,12628",,1000,1000,15280,,,7360,,"145035,60022,2225011,121454,1291037","15921,250005",5,1,,1,12628,12628,,,,0
10000020,押送船救援戰戰役部隊,押送船救援戰戰役部隊,127,我們是來自押送船救援戰的團隊,160,消滅部隊所有敵人,,zudui_yasongchuanjiuyuanzhan,samll_hjjuntuan,,"1,2,3",15,1,3,6,"12726,12706,12711,12716,12721,12727",,1000,1000,15400,,,7400,,"115035,60022,2235011,121454,1291037","15821,250005",5,1,,1,12727,12727,,,,0
10000021,火龍絕地戰役部隊,火龍絕地戰役部隊,128,我們是來自火龍絕地的團隊,161,消滅部隊所有敵人,,zudui_huolongjuedi,samll_phjuntuan,,"1,2,3",15,1,3,6,"12824,12805,12810,12815,12820,12825",,1000,1000,15520,,,7440,,"145035,60022,2245011,121454,1291037","15921,250005",5,1,,1,12825,12825,,,,0
10000022,中心湖戰役部隊,中心湖戰役部隊,129,我們是來自中心湖的團隊,161,消滅部隊所有敵人,,zudui_zhongxinhu,samll_brmjuntuan,,"1,2,3",15,1,3,6,"12925,12905,12911,12916,12921,12927",,1000,1000,15640,,,7480,,"115035,60022,2235011,121454,1291037","15821,250005",5,1,,1,12927,12927,,,,0
10000023,餅乾房戰役部隊,餅乾房戰役部隊,130,我們是來自餅乾房的團隊,161,消滅部隊所有敵人,,zudui_bingganfang,samll_phjuntuan,,"1,2,3",15,1,3,6,"13024,13005,13010,13015,13020,13026",,1000,1000,15760,,,7520,,"145035,60022,2245011,121454,1291037","15921,250005",5,1,,1,13026,13026,,,,0
10000024,神秘設施外戰役部隊,神秘設施外戰役部隊,131,我們是來自神秘設施外的團隊,162,消滅部隊所有敵人,,zudui_shenmisheshiwai,samll_G5juntuan,,"1,2,3",15,1,3,6,"13126,13106,13111,13117,13122,13127",,1000,1000,15880,,,7560,,"115035,60022,2235011,121454,1291037","15821,250005",5,1,,1,13127,13127,,,,0
10000025,研究所遺址戰役部隊,研究所遺址戰役部隊,132,我們是來自研究所遺址的團隊,162,消滅部隊所有敵人,,zudui_yanjiusuoyizhi,samll_phjuntuan,,"1,2,3",15,1,3,6,"13224,13205,13210,13215,13220,13225",,1000,1000,16000,,,7600,,"145035,60022,2245011,121454,1291037","15921,250005",5,1,,1,13225,13225,,,,0
10000026,寒冰雪地戰役部隊,寒冰雪地戰役部隊,133,我們是來自寒冰雪地的團隊,162,消滅部隊所有敵人,,zudui_hanbingxuedi,samll_phjuntuan,,"1,2,3",15,1,3,6,"13325,13305,13311,13316,13321,13326",,1000,1000,16120,,,7640,,"115035,60022,2235011,121454,1291037","15821,250005",5,1,,1,13326,13326,,,,0
10000027,研究所外戰役部隊,研究所外戰役部隊,134,我們是來自研究所外1的團隊,163,消滅部隊所有敵人,,zudui_yanjiusuowai1,samll_phjuntuan,,"1,2,3",15,1,3,6,"13425,13406,13411,13416,13421,13426",,1000,1000,16240,,,7700,,"145035,60022,2245011,121454,1291037","15921,250005",5,1,,1,13426,13426,,,,0
10000028,凱撒的毒場戰役部隊,凱撒的毒場戰役部隊,135,我們是來自凱撒的毒場的團隊,163,消滅部隊所有敵人,,zudui_kaisadeduchang,samll_phjuntuan,,"1,2,3",15,1,3,6,"13525,13506,13511,13516,13521,13527",,1000,1000,16360,,,7760,,"115035,60022,2235011,121454,1291037","15821,250005",5,1,,1,13527,13527,,,,0
10000029,死亡國度戰役部隊,死亡國度戰役部隊,136,我們是來自死亡國度的團隊,163,消滅部隊所有敵人,,zudui_siwangguodu,samll_brmjuntuan,,"1,2,3",15,1,3,6,"13624,13605,13610,13615,13620,13625",,1000,1000,16480,,,7820,,"145035,60022,2245011,121454,1291037","15921,250005",5,1,,1,13625,13625,,,,0
10000030,A棟戰役部隊,A棟戰役部隊,137,我們是來自A棟的團隊,164,消滅部隊所有敵人,,zudui_adong,samll_phjuntuan,,"1,2,3",15,1,3,6,"13724,13705,13710,13715,13720,13727",,1000,1000,16600,,,7880,,"115035,60022,2235011,121454,1291037","15821,250005",5,1,,1,13727,13727,,,,0
10000031,B棟戰役部隊,B棟戰役部隊,138,我們是來自B棟的團隊,164,消滅部隊所有敵人,,zudui_bdong,samll_brmjuntuan,,"1,2,3",15,1,3,6,"13824,13805,13810,13815,13820,13826",,1000,1000,16720,,,7940,,"145035,60022,2245011,121454,1291037","15921,250005",5,1,,1,13826,13826,,,,0
10000032,冰雪餅乾房戰役部隊,冰雪餅乾房戰役部隊,139,我們是來自冰雪餅乾房的團隊,164,消滅部隊所有敵人,,zudui_bingxuebingganfang,samll_G5juntuan,,"1,2,3",15,1,3,6,"13925,13906,13911,13916,13921,13928",,1000,1000,16840,,,8000,,"115035,60022,2235011,121454,1291037","15821,250005",5,1,,1,13928,13928,,,,0
10000033,R棟1層戰役部隊,R棟1層戰役部隊,140,我們是來自R棟1層的團隊,165,消滅部隊所有敵人,,zudui_rdong1ceng,samll_phjuntuan,,"1,2,3",15,1,3,6,"14024,14005,14010,14015,14020,14026",,1000,1000,16960,,,8060,,"145035,60022,2245011,121454,1291037","15921,250005",5,1,,1,14026,14026,,,,0
10000034,冰島外碼頭戰役部隊,冰島外碼頭戰役部隊,141,我們是來自冰島外碼頭的團隊,165,消滅部隊所有敵人,,zudui_bingdaowaimatou,samll_hzjuntuan,,"1,2,3",15,1,3,6,"14125,14106,14111,14116,14121,14126",,1000,1000,17080,,,8120,,"115035,60022,2235011,121454,1291037","15821,250005",5,1,,1,14127,14127,,,,0
10000035,海獸訓練場戰役部隊,海獸訓練場戰役部隊,142,我們是來自海獸訓練場的團隊,165,消滅部隊所有敵人,,zudui_haishouxunlianchang,samll_hzjuntuan,,"1,2,3",15,1,3,6,"14224,14205,14210,14215,14220,14226",,1000,1000,17200,,,8180,,"145035,60022,2245011,121454,1291037","15921,250005",5,1,,1,14226,14226,,,,0
10000036,海獸表演場戰役部隊,海獸表演場戰役部隊,143,我們是來自海獸表演場的團隊,166,消滅部隊所有敵人,,zudui_haishoubiaoyanchang,samll_hailabangjuntuan,,"1,2,3",3,1,3,6,"14325,14306,14311,14316,14321,14326",,1000,1000,17320,,,8240,,"115035,60022,2235011,121454,1291037","15821,250005",5,1,,1,14326,14326,,,,0
10000037,愛與熱情的國度戰役部隊,愛與熱情的國度戰役部隊,144,我們是來自愛與熱情的國度的團隊,166,消滅部隊所有敵人,,zudui_aiyureqingdeguodu,samll_muoujuntuan,,"1,2,3",3,1,3,6,"14425,14405,14411,14416,14421,14426",,1000,1000,17440,,,8300,,"145035,60022,2245011,121454,1291037","15921,250005",5,1,,1,14426,14426,,,,0
10000038,選手準備室戰役部隊,選手準備室戰役部隊,145,我們是來自選手準備室的團隊,166,消滅部隊所有敵人,,zudui_xuanshouzhunbeishi,samll_jianshijuntuan,,"1,2,3",12,1,6,6,"14524,14505,14510,14515,14520,14526",,1000,1000,17560,4180,,8360,,"2217208,2227208,2237208,2247208,2257208,2267208","115921,115922,115923,115924,115925,115926",5,1,,1,14526,14526,,,4180,
10000039,A組,A組,146,我們是來自A組的團隊,167,消滅部隊所有敵人,,zudui_azu,samll_jianshijuntuan,,"1,2,3",3,1,3,6,"14624,14605,14610,14615,14620,14625",,1000,1000,17560,,,8360,,"115035,60022,2235011,121454,1291037","15921,250005",5,1,,1,14625,14625,,,,0
